{
  "bg_rgb": [
    162,
    168,
    196
  ],
  "classes": {
    "BG": {
      "mu": [
        7.813725824235007e-05,
        0.0025868997909128666,
        -0.0014423489337787032
      ],
      "cov": [
        [
          0.00021575882978256577,
          3.467181071565861e-05,
          4.668705054489493e-05
        ],
        [
          3.467181071565861e-05,
          0.00014417389384037096,
          6.449375248566103e-06
        ],
        [
          4.668705054489493e-05,
          6.449375248566103e-06,
          0.00019618819110032995
        ]
      ]
    },
    "1L": {
      "mu": [
        0.036993272602558136,
        0.013002365827560425,
        -0.03564193472266197
      ],
      "cov": [
        [
          0.00020423958496866156,
          1.6320336423074518e-05,
          5.627132135169604e-06
        ],
        [
          1.6320336423074518e-05,
          0.0001261190281873737,
          -1.0492329843801373e-05
        ],
        [
          5.627132135169604e-06,
          -1.0492329843801373e-05,
          0.00014350338501452884
        ]
      ]
    },
    "2L": {
      "mu": [
        0.039591316133737564,
        -0.025903096422553062,
        -0.08838851749897003
      ],
      "cov": [
        [
          0.00014582328245757063,
          2.8604357588665116e-05,
          1.9125711768356924e-05
        ],
        [
          2.8604357588665116e-05,
          0.00013175540017247258,
          1.486175161004016e-05
        ],
        [
          1.9125711768356924e-05,
          1.486175161004016e-05,
          0.00013466537304717636
        ]
      ]
    }
  },
  "note": "multi-image calibration BG+1L+2L"
}