{
    "1": {
        "contrast": {
            "b": 0.014,
            "g": -0.026,
            "r": -0.052
        },
        "covariance_matrix": [
            [
                0.00036005680459338127,
                8.757807886608819e-05,
                6.723406643339908e-05
            ],
            [
                8.757807886608819e-05,
                0.00016644379027070337,
                5.402849924797544e-05
            ],
            [
                6.723406643339905e-05,
                5.402849924797544e-05,
                0.00021120863699825124
            ]
        ]
    }
}