{
    "1": {
        "contrast": {
            "b": 0.02,
            "g": -0.049,
            "r": -0.089
        },
        "covariance_matrix": [
            [
                0.0005343034548478685,
                8.860520297086074e-05,
                3.318831056241119e-05
            ],
            [
                8.860520297086074e-05,
                0.0003255260460761532,
                0.00016001854800760276
            ],
            [
                3.318831056241119e-05,
                0.00016001854800760276,
                0.00045265530805390714
            ]
        ]
    }
}