{
    "1": {
        "contrast": {
            "b": 0.025,
            "g": -0.072,
            "r": -0.129
        },
        "covariance_matrix": [
            [
                0.00048272603724946594,
                9.778978825757267e-05,
                4.019184251757985e-05
            ],
            [
                9.778978825757267e-05,
                0.00031075913112979227,
                0.00018141065901075914
            ],
            [
                4.019184251757985e-05,
                0.00018141065901075914,
                0.0005129224213514626
            ]
        ]
    }
}