{
    "1": {
        "contrast": {
            "b": 0.036,
            "g": -0.102,
            "r": -0.176
        },
        "covariance_matrix": [
            [
                0.000633726022324248,
                3.778307107212429e-05,
                -0.000194729130337796
            ],
            [
                3.778307107212429e-05,
                0.00043347502310997434,
                0.0003817922704899163
            ],
            [
                -0.000194729130337796,
                0.0003817922704899163,
                0.0010511935700229086
            ]
        ]
    }
}