{
    "1": {
        "contrast": {
            "b": 0.052,
            "g": -0.121,
            "r": -0.204
        },
        "covariance_matrix": [
            [
                0.00042781484225520253,
                9.17314432147122e-05,
                5.704814078121836e-05
            ],
            [
                9.17314432147122e-05,
                0.0001891548383505557,
                8.552191955659535e-05
            ],
            [
                5.7048140781218355e-05,
                8.552191955659536e-05,
                0.0002686529521251102
            ]
        ]
    },
    "2": {
        "contrast": {
            "b": 0.061,
            "g": -0.135,
            "r": -0.262
        },
        "covariance_matrix": [
            [
                0.0004706063034658223,
                0.00015724989937704786,
                9.958677006204274e-05
            ],
            [
                0.00015724989937704784,
                0.0003110155038893254,
                2.8260569133539322e-05
            ],
            [
                9.958677006204273e-05,
                2.826056913353932e-05,
                0.00032924978876160463
            ]
        ]
    },
    "3": {
        "contrast": {
            "b": 0.071,
            "g": -0.159,
            "r": -0.312
        },
        "covariance_matrix": [
            [
                0.0004916245760491478,
                0.0001107120571442842,
                0.00010466272897094679
            ],
            [
                0.0001107120571442842,
                0.0001635477386910699,
                4.2784810730274875e-05
            ],
            [
                0.00010466272897094679,
                4.2784810730274875e-05,
                0.00018628871992713944
            ]
        ]
    }
}