{
    "1": {
        "contrast": {
            "b": 0.014,
            "g": -0.026,
            "r": -0.052
        },
        "covariance_matrix": [
            [
                0.00036005680459338127,
                8.757807886608819e-05,
                6.723406643339908e-05
            ],
            [
                8.757807886608819e-05,
                0.00016644379027070337,
                5.402849924797544e-05
            ],
            [
                6.723406643339905e-05,
                5.402849924797544e-05,
                0.00021120863699825124
            ]
        ]
    },
    "2": {
        "contrast": {
            "b": 0.02,
            "g": -0.049,
            "r": -0.089
        },
        "covariance_matrix": [
            [
                0.0005343034548478685,
                8.860520297086074e-05,
                3.318831056241119e-05
            ],
            [
                8.860520297086074e-05,
                0.0003255260460761532,
                0.00016001854800760276
            ],
            [
                3.318831056241119e-05,
                0.00016001854800760276,
                0.00045265530805390714
            ]
        ]
    },
    "3": {
        "contrast": {
            "b": 0.025,
            "g": -0.072,
            "r": -0.129
        },
        "covariance_matrix": [
            [
                0.00048272603724946594,
                9.778978825757267e-05,
                4.019184251757985e-05
            ],
            [
                9.778978825757267e-05,
                0.00031075913112979227,
                0.00018141065901075914
            ],
            [
                4.019184251757985e-05,
                0.00018141065901075914,
                0.0005129224213514626
            ]
        ]
    },
    "4": {
        "contrast": {
            "b": 0.036,
            "g": -0.102,
            "r": -0.176
        },
        "covariance_matrix": [
            [
                0.000633726022324248,
                3.778307107212429e-05,
                -0.000194729130337796
            ],
            [
                3.778307107212429e-05,
                0.00043347502310997434,
                0.0003817922704899163
            ],
            [
                -0.000194729130337796,
                0.0003817922704899163,
                0.0010511935700229086
            ]
        ]
    },
    "5": {
        "contrast": {
            "b": 0.052,
            "g": -0.121,
            "r": -0.204
        },
        "covariance_matrix": [
            [
                0.00042781484225520253,
                9.17314432147122e-05,
                5.704814078121836e-05
            ],
            [
                9.17314432147122e-05,
                0.0001891548383505557,
                8.552191955659535e-05
            ],
            [
                5.7048140781218355e-05,
                8.552191955659536e-05,
                0.0002686529521251102
            ]
        ]
    }
}